Matricule,Spécialité
19/0181,2SQ
19/0116,2SQ
17/0234,2SQ
19/0082,2SQ
19/0069,2SQ
19/0023,2SQ
19/0087,2SQ
19/0128,2SQ
19/0183,2SQ
19/0153,2SQ
19/0071,2SQ
19/0223,2SQ
19/0257,2SQ
19/0248,2SQ
19/0156,2SQ
19/0213,2SQ
19/0204,2SQ
19/0049,2SQ
19/0052,2SQ
19/0037,2SQ
19/0238,2SQ
19/0111,2SQ
19/0088,2SQ
19/0263,2SQ
19/0007,2SQ
19/0102,2SQ
19/0192,2SQ
19/0239,2SQ
19/0277,2SQ
19/0091,2SQ
19/0218,2SQ
19/0202,2SQ
19/0056,2SQ
19/0267,2SQ
19/0112,2SQ
19/0240,2SQ
19/0209,2SQ
19/0097,2SQ
19/0041,2SQ
19/0103,2SQ
19/0075,2SQ
19/0101,2SQ
19/0243,2SQ
19/0031,2SQ
19/0284,2SQ